id;name;description;creation_date;board_head
1;back-end migration Park;Berkshire Account;quantify Soft Iceland;Corporate
2;Decentralized e-markets;Ball;Account Intelligent;SMS Connecticut
3;transmit Utah Adaptive;mobile Team-oriented;Corner Account Steel;pink
4;bluetooth lime Toys;Borders;Officer microchip;navigating
5;Account generating hierarchy;implement Accounts;salmon Greens;Trail
6;system Pizza;Extended open-source Quality;orange;Chair Sleek
7;Licensed edge monitor;Utah International;payment;Hat Dynamic
8;invoice JBOD protocol;Chicken iterate input;Rustic;dynamic Sleek
9;port;e-tailers Granite Implementation;deposit Market Small;payment Cotton Ergonomic
10;communities Rubber;synergistic;Communications;Maryland ivory Baby
