id;title;content;creation_date
1;hub Rustic Sports;program application THX;withdrawal
2;Peru Representative;firewall;Wyoming Avon
3;XSS Corporate;B2C;Innovative connecting Vermont
4;salmon;Persistent Illinois Implementation;high-level
5;redundant open-source;withdrawal Wooden Engineer;Fresh Frozen invoice
6;withdrawal Division fuchsia;Ergonomic Accountability;matrices Islands
7;state Facilitator Bike;attitude-oriented;Rubber Soft
8;generate;View e-services;District Vermont
9;Customer;Fish;killer Litas
10;incentivize;synthesize Plastic;Frozen
