id;title;content;author
1;Buckinghamshire;Licensed;copy lavender
2;Sleek Movies;firewall;maroon system
3;teal Pre-emptive PCI;Nevada invoice Egypt;Pants
4;program HTTP XSS;static Bermuda magenta;enhance
5;Philippine user-centric online;generating XSS copying;grow matrix Implementation
6;Small capacitor;payment Shoes Dinar;Sleek
7;Dynamic impactful withdrawal;auxiliary yellow solid;back generate
8;overriding synergistic;Tools Chicken Sleek;RSS Franc Berkshire
9;Islands Programmable human-resource;Herzegovina Liaison;neural
10;Arizona;Pine Loan;Plastic
