id;name;address;contact_email;established_date;phone;manager
1;protocol Pound;Guinea-Bissau;sensor black;virtual Associate Tools;1-460-214-9958;Representative
2;Keyboard system maximized;parse software Djibouti;Guarani;salmon;1-544-891-6219;Synchronised capability
3;Rubber sensor azure;empower Avon;Corporate Cotton Product;Plastic killer;(444) 846-5250;multi-byte Automotive
4;invoice Tools;synthesize Assistant HDD;quantifying monitor;Director Corporate feed;(983) 269-4935 x957;dedicated
5;SCSI strategic Buckinghamshire;Borders Investor Intranet;Chips Group;neural Djibouti;784.886.6397;Loan content Clothing
6;Granite extend bypassing;and;efficient reboot Data;withdrawal;678.394.0687 x34217;SCSI
7;flexibility;Salad Profit-focused;value-added Forward facilitate;navigate Soft;(490) 741-8355 x986;Graphical
8;installation;Kwanza monitor red;Games Mouse Salad;Spring heuristic Guernsey;652-881-7859 x54645;Liechtenstein Cross-group Courts
9;B2B Azerbaijan;e-commerce;Card;Cotton;455.982.3827;impactful Kansas portals
10;Vision-oriented;array;parse Somoni methodologies;firewall Computer;889-352-4556;compressing copying transmitting
