id;content;creation_date;author
1;payment Hawaii Health;magenta Senior Refined;reintermediate
2;Sharable Liberia Fresh;web-enabled green Manager;virtual
3;calculating Savings feed;application morph;eyeballs Horizontal
4;Fish;state Unbranded Springs;Industrial Senior
5;Steel mindshare;Intelligent District;Concrete Liaison
6;Crest bypass;North Orchestrator;Tactics Account
7;Keyboard intermediate Borders;Pants circuit;deliverables cross-platform
8;Tala architectures;payment bypassing payment;Enhanced Corporate program
9;Way;quantify Rubber;Brazil invoice Home
10;Books;Planner;product bypass
