id;session_title;session_date;duration;meeting_link
1;Plastic withdrawal;Gorgeous Handmade Won;66831;Leone cross-platform target
2;Baby;deploy Islands Loan;92519;Steel Developer Cheese
3;firewall Nuevo systems;incubate Expanded Organic;47624;Dynamic Terrace Fantastic
4;navigating leading-edge;Decentralized;5633;Representative
5;digital Loan;Generic Group Account;99308;Buckinghamshire Associate focus
6;Senior Jersey;Bedfordshire;48072;Table Gloves killer
7;blue Bhutan;Soft;88885;Centralized
8;eyeballs;hack Buckinghamshire;34727;reboot
9;Towels;support disintermediate Somalia;68065;Tuvalu Lodge Organic
10;online Plaza International;background;98359;Assistant Cotton
