id;content;timestamp;sender;receiver
1;Solutions Wooden;Borders violet feed;Pound Cheese SCSI;primary Fish
2;Fresh;executive engine;sensor;Fantastic green Total
3;Regional;Industrial;Bedfordshire Pass;XML transitional
4;Nebraska Ergonomic;superstructure Lebanon virtual;Generic synergistic Fish;static pixel
5;Ergonomic mindshare Grocery;Concrete;Handcrafted Israel Savings;Iran azure
6;Malta;Litas monetize Extended;Burkina Minnesota;Peso Facilitator
7;white Sausages;indexing quantify hybrid;Arab Administrator 1080p;Handcrafted ivory Profit-focused
8;withdrawal;generating;model;Tools Security Interactions
9;Afghanistan invoice brand;Computers Shores Bhutan;cross-platform Senior clicks-and-mortar;Industrial
10;navigate Incredible;Home;Ferry;Buckinghamshire Fresh bandwidth
