id;payment_date;amount;method;description;status;transaction_id
1;Soap killer;17071;Gabon Checking Music;harness Optimization;back;implementation product
2;matrix;56143;Accountability;Avon;Wooden Wooden syndicate;Swedish Berkshire
3;Pre-emptive transmit Multi-channelled;11743;Secured;Key;Accountability;compressing Vermont
4;viral;30005;Legacy Usability indigo;fuchsia Guilder Nuevo;Table Rubber Monitored;SDD capacitor
5;Azerbaijan payment New;37111;Ameliorated Technician;Avon Virginia Lari;Cheese reboot Borders;Table South
6;Shoes;97162;salmon;Brunei Buckinghamshire Helena;Kansas Frozen Car;THX Administrator
7;program Market;34750;hack Incredible program;Dollar South Handcrafted;Soap;overriding
8;payment rich;96463;Dollar;Belgium Technician;Bacon;teal
9;orchid synthesizing;71407;Cambridgeshire Islands;impactful;end-to-end;Soft Concrete circuit
10;Gloves Polarised client-driven;57423;networks wireless transmitting;utilisation compress Tactics;Rapid;frame hybrid invoice
