id;username;email;password;token;profile_picture;bio
1;Alaska;Gloria_Barrows@gmail.com;National Ghana;transform;asymmetric Incredible empower;blue
2;Buckinghamshire bypass;Elwyn65@gmail.com;Investor Wyoming connect;panel;model;Kyrgyz New Tactics
3;grey services Account;Margaretta54@hotmail.com;Unbranded Kids intermediate;cyan Generic;Loan dedicated array;Road Consultant withdrawal
4;leverage Analyst;Bertram99@gmail.com;Generic;Credit Gorgeous synergies;Shilling;fuchsia
5;Concrete Small;Mose_Bogisich@gmail.com;Customizable compressing Cote;Salad;Tactics Bahamas;Gloves International hacking
6;Tasty;Johnny.Gibson4@hotmail.com;PCI Loan;Pataca port Unbranded;connecting Wooden;Berkshire Wisconsin
7;platforms transition;Abigail.Kunde31@yahoo.com;International Cliff Keyboard;Investment users Pants;driver Organized Mississippi;neural Intuitive
8;invoice open Technician;Humberto0@yahoo.com;Lead;connect navigating synergies;gold Dong Response;input
9;asymmetric;Meredith5@gmail.com;uniform;complexity;methodologies Virginia relationships;Franc Granite
10;Concrete unleash;Annette_Schmidt85@hotmail.com;GB leading-edge;Steel Liechtenstein generating;Auto Soap;purposes strategy Unbranded
