id;name;address;established_date;contact_email
1;platforms deposit;monitoring Loan;generating impactful;Realigned
2;quantify Industrial Metrics;Frozen;Sleek;Credit maroon
3;overriding France;invoice Coves bifurcated;Shirt withdrawal Lead;Buckinghamshire Togo
4;Unbranded index communities;Outdoors Home bandwidth-monitored;Planner Director Table;conglomeration
5;Indiana dynamic;THX;Mexico PNG;multi-byte
6;Money mission-critical Licensed;modular;Security standardization Toys;dynamic
7;synthesizing middleware;function;Principal indexing;cross-platform
8;Future-proofed;users;Compatible;Intelligent Berkshire
9;edge;Berkshire HDD;Brand Integrated;administration Cheese Fresh
10;interface Baby;withdrawal Coordinator bleeding-edge;hack Illinois;salmon Tasty Buckinghamshire
