id;name;email;specialization;hours_per_week;max_hours_per_week;bio;profile_picture
1;Sleek bluetooth;Stewart20@hotmail.com;conglomeration;67507;31832;Soft Steel quantifying;Intelligent content TCP
2;azure;Alejandra_Hilll@gmail.com;GB;90160;79908;deliver;Bedfordshire Auto
3;teal;Vicente_Carroll66@gmail.com;customer;57888;15967;Granite Berkshire;one-to-one infomediaries monitoring
4;invoice firmware;Nicolette.Kozey79@yahoo.com;national Executive content;68424;55213;multi-byte;Investor
5;Automotive Analyst Digitized;Dallas_Crooks99@hotmail.com;architectures Saint Tasty;48312;18834;Practical Distributed methodologies;matrix Shirt
6;array;Modesto_Krajcik@yahoo.com;Future Island Senior;81459;2756;Soap hack;Steel Lesotho
7;quantifying;Kiana_Kunze@yahoo.com;deposit;65078;51235;Soft Cambridgeshire;Equatorial Dollar
8;Reactive;Alena.Hansen16@yahoo.com;Investor Village Baby;8326;75650;upward-trending Baby;Fish Account
9;Handmade;Harvey.Feil84@hotmail.com;Cotton;62896;21907;solution-oriented Guernsey withdrawal;bypass Berkshire
10;testing Nevada;Maximus52@yahoo.com;Avon Heard Outdoors;26406;48707;Wooden;open-source
